epoch,accuracy,auc,learning_rate,loss,pr_auc,precision,recall,val_accuracy,val_auc,val_loss,val_pr_auc,val_precision,val_recall
0,0.7705855369567871,0.8425894379615784,0.0010000000474974513,0.5075039267539978,0.807692289352417,0.7863174080848694,0.739488959312439,0.8399689793586731,0.9047479629516602,0.3914055824279785,0.8546965718269348,0.8435233235359192,0.8370180130004883
1,0.8949339389801025,0.9432629942893982,0.0010000000474974513,0.3046382665634155,0.9366930723190308,0.8871564269065857,0.9035935997962952,0.8585832715034485,0.915206789970398,0.3634949028491974,0.8299258351325989,0.7989735007286072,0.9604113101959229
2,0.9132547378540039,0.9577184319496155,0.0010000000474974513,0.2604526877403259,0.9550822377204895,0.9012370109558105,0.9271098375320435,0.9144260883331299,0.9735881686210632,0.22971667349338531,0.9740110039710999,0.9100610017776489,0.9208226203918457
3,0.9206437468528748,0.9625547528266907,0.0010000000474974513,0.24052368104457855,0.9627635478973389,0.9082995057106018,0.9347450137138367,0.895294725894928,0.9701386094093323,0.25420016050338745,0.9693810939788818,0.8591417670249939,0.9470437169075012
4,0.9183157086372375,0.9625318646430969,0.0010000000474974513,0.2426075041294098,0.9626177549362183,0.8994647264480591,0.9408531188964844,0.9260599613189697,0.978737473487854,0.19441446661949158,0.9794952869415283,0.923430323600769,0.9300771355628967
5,0.928134024143219,0.9682202339172363,0.0010000000474974513,0.21899749338626862,0.9672157168388367,0.9144717454910278,0.9437035322189331,0.9208893775939941,0.9709967970848083,0.22268596291542053,0.9758986234664917,0.9530127048492432,0.8863753080368042
6,0.9335998892784119,0.9677188992500305,0.0010000000474974513,0.21308228373527527,0.9648160934448242,0.9249126315116882,0.9429909586906433,0.9263185262680054,0.9745573401451111,0.21519942581653595,0.9790212512016296,0.9565456509590149,0.8940873742103577
7,0.9367883205413818,0.9710404276847839,0.0005000000237487257,0.20068952441215515,0.9703693389892578,0.9297313690185547,0.9442125558853149,0.9307135343551636,0.9797506928443909,0.19006337225437164,0.9796947240829468,0.9173718094825745,0.9475578665733337
8,0.9395718574523926,0.9698565602302551,0.0005000000237487257,0.20014572143554688,0.967305064201355,0.9353243708610535,0.9437035322189331,0.9402791857719421,0.979600727558136,0.16537371277809143,0.9816848039627075,0.9337044358253479,0.948586106300354
9,0.9390657544136047,0.9713200926780701,0.0005000000237487257,0.1953582912683487,0.9685206413269043,0.935875415802002,0.9419729113578796,0.9407962560653687,0.9774100184440613,0.17579405009746552,0.980911374092102,0.9413580298423767,0.9408740401268005
